{
  "benchmarks": [
    {
      "scenario": "conditional_routing_3",
      "num_branches": 3,
      "node_count": 3,
      "iterations": 20,
      "times_ms": [
        3.076960099861026,
        3.0120958108454943,
        4.228689009323716,
        3.2200179994106293,
        3.175034886226058,
        3.092121100053191,
        3.8661849685013294,
        6.464563077315688,
        3.2549810130149126,
        3.3481279388070107,
        3.0419579707086086,
        3.099455963820219,
        2.9560939874500036,
        3.1411051750183105,
        3.421143861487508,
        3.140676999464631,
        3.041682066395879,
        3.0643229838460684,
        3.2455860637128353,
        3.07198497466743
      ],
      "mean_ms": 3.3981392974965274,
      "min_ms": 2.9560939874500036,
      "max_ms": 6.464563077315688,
      "cpu_ms": 322.3420000000001,
      "peak_rss_mb": 65.0859375,
      "per_node_wall_us": 1132.7130991655092
    },
    {
      "scenario": "conditional_routing_10",
      "num_branches": 10,
      "node_count": 3,
      "iterations": 20,
      "times_ms": [
        3.1074390280991793,
        2.9777989257127047,
        3.1033342238515615,
        3.1219120137393475,
        3.2793618738651276,
        3.118097083643079,
        3.1100220512598753,
        3.4107749816030264,
        5.087209166958928,
        3.1901318579912186,
        3.2116349320858717,
        3.0697111506015062,
        3.3432659693062305,
        3.7189950235188007,
        3.0606419313699007,
        3.0730380676686764,
        5.698685999959707,
        3.0821729451417923,
        3.044928889721632,
        3.1375319231301546
      ],
      "mean_ms": 3.397334401961416,
      "min_ms": 2.9777989257127047,
      "max_ms": 5.698685999959707,
      "cpu_ms": 322.60699999999974,
      "peak_rss_mb": 65.13671875,
      "per_node_wall_us": 1132.4448006538053
    },
    {
      "scenario": "conditional_routing_50",
      "num_branches": 50,
      "node_count": 3,
      "iterations": 20,
      "times_ms": [
        3.215139964595437,
        3.221368882805109,
        3.4025320783257484,
        3.5401759669184685,
        3.481956897303462,
        3.9322380907833576,
        3.6713590379804373,
        3.6437679082155228,
        3.5614219959825277,
        3.7224609404802322,
        4.120492842048407,
        7.924936944618821,
        6.058102007955313,
        3.419674001634121,
        3.234738018363714,
        3.1839939765632153,
        4.80673904530704,
        3.278265008702874,
        3.4236270003020763,
        3.316946094855666
      ],
      "mean_ms": 3.907996835187078,
      "min_ms": 3.1839939765632153,
      "max_ms": 7.924936944618821,
      "cpu_ms": 337.36500000000024,
      "peak_rss_mb": 65.3359375,
      "per_node_wall_us": 1302.665611729026
    }
  ]
}