{
  "benchmarks": [
    {
      "scenario": "checkpoint_off_100",
      "num_nodes": 100,
      "node_count": 100,
      "use_checkpoint": false,
      "iterations": 20,
      "times_ms": [
        45.62152689322829,
        46.76503292284906,
        45.2106271404773,
        44.4585969671607,
        44.940034160390496,
        43.95905905403197,
        44.23261899501085,
        44.98287313617766,
        44.08749798312783,
        45.40921398438513,
        45.437475899234414,
        44.410918140783906,
        44.771987944841385,
        44.140322133898735,
        43.927932158112526,
        44.40204403363168,
        44.23704091459513,
        44.14738295599818,
        44.77436700835824,
        43.994086096063256
      ],
      "mean_ms": 44.69553192611784,
      "min_ms": 43.927932158112526,
      "max_ms": 46.76503292284906,
      "cpu_ms": 1166.592,
      "peak_rss_mb": 65.94921875,
      "per_node_wall_us": 446.9553192611784
    },
    {
      "scenario": "checkpoint_on_100",
      "num_nodes": 100,
      "node_count": 100,
      "use_checkpoint": true,
      "iterations": 20,
      "times_ms": [
        48.28209290280938,
        61.42148305661976,
        48.51355985738337,
        48.18601510487497,
        48.9514609798789,
        48.05518104694784,
        45.49948195926845,
        46.62798787467182,
        45.77700397931039,
        45.873803086578846,
        46.01635201834142,
        46.36166989803314,
        47.32528189197183,
        46.97694489732385,
        47.35024296678603,
        46.69333412311971,
        46.8534380197525,
        47.02778300270438,
        46.71909008175135,
        45.948289101943374
      ],
      "mean_ms": 47.723024792503566,
      "min_ms": 45.49948195926845,
      "max_ms": 61.42148305661976,
      "cpu_ms": 1223.8609999999999,
      "peak_rss_mb": 67.0859375,
      "per_node_wall_us": 477.23024792503566
    }
  ]
}