{
  "benchmarks": [
    {
      "scenario": "sequential_10",
      "num_nodes": 10,
      "node_count": 10,
      "iterations": 20,
      "times_ms": [
        4.947659093886614,
        5.710499128326774,
        4.971413174644113,
        5.010748980566859,
        5.056464811787009,
        4.980099853128195,
        5.024562822654843,
        5.170159041881561,
        5.012601148337126,
        4.938310943543911,
        5.164980888366699,
        4.876061109825969,
        4.9483501352369785,
        5.2019949071109295,
        5.020784912630916,
        4.9484779592603445,
        5.099121015518904,
        5.0186822190880775,
        4.871118813753128,
        5.696466891095042
      ],
      "mean_ms": 5.0834278925322,
      "min_ms": 4.871118813753128,
      "max_ms": 5.710499128326774,
      "cpu_ms": 367.0949999999999,
      "peak_rss_mb": 65.3515625,
      "per_node_wall_us": 508.34278925321996
    },
    {
      "scenario": "sequential_100",
      "num_nodes": 100,
      "node_count": 100,
      "iterations": 20,
      "times_ms": [
        54.24338602460921,
        43.30705408938229,
        46.26347101293504,
        48.38889488019049,
        45.20758497528732,
        45.27631704695523,
        45.188460033386946,
        45.68356997333467,
        46.885818941518664,
        46.21868906542659,
        46.37864511460066,
        46.45096603780985,
        46.58054909668863,
        47.16853005811572,
        47.2180109936744,
        47.31742478907108,
        47.45827382430434,
        47.611035872250795,
        47.60036803781986,
        49.78850204497576
      ],
      "mean_ms": 47.01177759561688,
      "min_ms": 43.30705408938229,
      "max_ms": 54.24338602460921,
      "cpu_ms": 1215.4239999999998,
      "peak_rss_mb": 66.0859375,
      "per_node_wall_us": 470.11777595616877
    },
    {
      "scenario": "sequential_1000",
      "num_nodes": 1000,
      "node_count": 1000,
      "iterations": 20,
      "times_ms": [
        1087.6100088935345,
        1089.1290761064738,
        1050.3950589336455,
        1049.8684148769826,
        1077.0844821818173,
        1082.7532447874546,
        1098.293999908492,
        1062.5642710365355,
        1076.0129049886018,
        1062.0860981289297,
        1056.5113599877805,
        1094.0322389360517,
        1066.4703859947622,
        1078.5135130863637,
        1119.8471400421113,
        1079.6344091650099,
        1064.5058350637555,
        1068.283017957583,
        1091.582081047818,
        1083.1318569835275
      ],
      "mean_ms": 1076.9154699053615,
      "min_ms": 1049.8684148769826,
      "max_ms": 1119.8471400421113,
      "cpu_ms": 21800.528,
      "peak_rss_mb": 70.48046875,
      "per_node_wall_us": 1076.9154699053615
    },
    {
      "scenario": "sequential_3000",
      "num_nodes": 3000,
      "node_count": 3000,
      "iterations": 20,
      "times_ms": [
        7749.95756498538,
        7595.954323885962,
        7541.830806992948,
        7475.495340069756,
        7488.112332066521,
        7479.0291539393365,
        7541.1435519345105,
        7676.800189074129,
        7559.689505025744,
        7695.551139069721,
        7586.586128920317,
        7867.27035115473,
        7765.279617160559,
        7641.727981856093,
        7817.97203514725,
        7764.669643016532,
        7773.240454960614,
        7655.767447082326,
        7709.913929924369,
        7653.126008110121
      ],
      "mean_ms": 7651.955875218846,
      "min_ms": 7475.495340069756,
      "max_ms": 7867.27035115473,
      "cpu_ms": 153212.83000000002,
      "peak_rss_mb": 80.88671875,
      "per_node_wall_us": 2550.651958406282
    }
  ]
}