{
  "benchmarks": [
    {
      "scenario": "streaming_100",
      "num_nodes": 100,
      "node_count": 100,
      "iterations": 20,
      "times_ms": [
        46.84486496262252,
        46.20406590402126,
        46.391765819862485,
        46.23765987344086,
        46.30278004333377,
        46.280495123937726,
        46.11501283943653,
        69.38552879728377,
        77.53580110147595,
        86.17806597612798,
        81.85367099940777,
        90.68486094474792,
        84.81318596750498,
        57.73334507830441,
        67.81026814132929,
        82.18118897639215,
        91.64546197280288,
        66.73607509583235,
        46.015318017452955,
        46.6890730895102
      ],
      "mean_ms": 63.68192443624139,
      "min_ms": 46.015318017452955,
      "max_ms": 91.64546197280288,
      "cpu_ms": 1542.985,
      "peak_rss_mb": 65.47265625,
      "per_node_wall_us": 636.8192443624139
    },
    {
      "scenario": "streaming_1000",
      "num_nodes": 1000,
      "node_count": 1000,
      "iterations": 20,
      "times_ms": [
        1128.6700069904327,
        1154.7340739052743,
        1150.3985919989645,
        1235.3048569057137,
        1109.7722938284278,
        1155.851128976792,
        1083.8309759274125,
        1092.81091298908,
        1086.1313079949468,
        1091.0540889017284,
        1097.8827611543238,
        1126.2254151515663,
        1110.5555491521955,
        1118.0184939876199,
        1111.0996641218662,
        1128.831404959783,
        1120.4225530382246,
        1113.4772161021829,
        1110.4869490955025,
        1129.1540719103068
      ],
      "mean_ms": 1122.7356158546172,
      "min_ms": 1083.8309759274125,
      "max_ms": 1235.3048569057137,
      "cpu_ms": 22689.362,
      "peak_rss_mb": 70.5078125,
      "per_node_wall_us": 1122.7356158546172
    },
    {
      "scenario": "streaming_10000",
      "num_nodes": 10000,
      "node_count": 10000,
      "iterations": 20,
      "times_ms": [
        79370.30872795731,
        77785.5899988208,
        78379.56173694693,
        77751.01799983531,
        78447.05023383722,
        77338.85420206934,
        77835.18931409344,
        78413.20535400882,
        78021.70794107951,
        77475.15179379843,
        77845.7046658732,
        77950.63733309507,
        77846.88734216616,
        78322.651125025,
        77507.68799195066,
        77905.39336390793,
        78317.1392120421,
        77869.94507699274,
        78608.59001521021,
        78716.70032991096
      ],
      "mean_ms": 78085.44868793106,
      "min_ms": 77338.85420206934,
      "max_ms": 79370.30872795731,
      "cpu_ms": 1561865.8429999999,
      "peak_rss_mb": 120.66796875,
      "per_node_wall_us": 7808.544868793106
    }
  ]
}