{
  "benchmarks": [
    {
      "scenario": "fanout_10",
      "num_subjects": 10,
      "node_count": 120,
      "iterations": 20,
      "times_ms": [
        53.25477197766304,
        53.672850131988525,
        56.040416937321424,
        53.49648208357394,
        53.40047413483262,
        53.756113862618804,
        54.0664519648999,
        53.33778401836753,
        52.95411194674671,
        52.87848296575248,
        52.975082071498036,
        53.239124827086926,
        53.123699966818094,
        53.041342878714204,
        52.98795714043081,
        53.08360909111798,
        53.60627383925021,
        52.86145303398371,
        52.72497399710119,
        53.30193089321256
      ],
      "mean_ms": 53.390169388148934,
      "min_ms": 52.72497399710119,
      "max_ms": 56.040416937321424,
      "cpu_ms": 1332.7280000000003,
      "peak_rss_mb": 66.078125,
      "per_node_wall_us": 444.91807823457447
    },
    {
      "scenario": "fanout_100",
      "num_subjects": 100,
      "node_count": 1200,
      "iterations": 20,
      "times_ms": [
        576.7989479936659,
        592.1293310821056,
        551.5227841679007,
        544.9560338165611,
        550.9344551246613,
        593.7667698599398,
        553.8980800192803,
        567.4310009926558,
        572.5730729755014,
        600.0939360819757,
        552.8605130966753,
        558.8482089806348,
        549.1741439327598,
        574.130562832579,
        549.0212119184434,
        558.1968799233437,
        600.2126289531589,
        549.8581260908395,
        554.5685729011893,
        561.9805350434035
      ],
      "mean_ms": 565.6477897893637,
      "min_ms": 544.9560338165611,
      "max_ms": 600.2126289531589,
      "cpu_ms": 11579.418000000001,
      "peak_rss_mb": 70.97265625,
      "per_node_wall_us": 471.3731581578031
    }
  ]
}