{
  "benchmarks": [
    {
      "scenario": "sequential_10",
      "num_nodes": 10,
      "iterations": 20,
      "times_ms": [
        5.060956813395023,
        5.214370088651776,
        5.293559981510043,
        5.189802963286638,
        5.4751678835600615,
        6.379181984812021,
        5.1059050019830465,
        5.319508956745267,
        5.679914960637689,
        5.046734120696783,
        5.0151541363447905,
        5.622479133307934,
        5.039704963564873,
        5.436875857412815,
        5.114180035889149,
        5.137384869158268,
        5.182089051231742,
        5.741250002756715,
        5.2299408707767725,
        5.472655175253749
      ],
      "mean_ms": 5.337840842548758,
      "min_ms": 5.0151541363447905,
      "max_ms": 6.379181984812021
    },
    {
      "scenario": "sequential_100",
      "num_nodes": 100,
      "iterations": 20,
      "times_ms": [
        45.13941891491413,
        48.028104938566685,
        47.647322062402964,
        44.92118884809315,
        69.59598697721958,
        65.50347991287708,
        44.335899176076055,
        50.41336314752698,
        48.881267895922065,
        47.12553508579731,
        49.29882800206542,
        49.08006312325597,
        48.97681693546474,
        48.86502306908369,
        47.827769070863724,
        48.273341031745076,
        48.96518518216908,
        49.12915895693004,
        48.88101993128657,
        48.788428073748946
      ],
      "mean_ms": 49.98386001680046,
      "min_ms": 44.335899176076055,
      "max_ms": 69.59598697721958
    },
    {
      "scenario": "sequential_1000",
      "num_nodes": 1000,
      "iterations": 20,
      "times_ms": [
        1078.4435670357198,
        1083.2989979535341,
        1080.523791955784,
        1068.664143094793,
        1086.5270160138607,
        1083.048070780933,
        1075.0827339943498,
        1120.4038870055228,
        1143.6477650422603,
        1119.310892187059,
        1074.1137058939785,
        1084.9134030286223,
        1080.3738578688353,
        1082.227661041543,
        1094.7556039318442,
        1094.1127859987319,
        1125.0747570302337,
        1086.8270879145712,
        1068.6047249473631,
        1062.8378801047802
      ],
      "mean_ms": 1089.639616641216,
      "min_ms": 1062.8378801047802,
      "max_ms": 1143.6477650422603
    },
    {
      "scenario": "sequential_3000",
      "num_nodes": 3000,
      "iterations": 20,
      "times_ms": [
        7702.501096995547,
        7655.871866969392,
        7715.504919877276,
        7643.352119950578,
        7534.6571451518685,
        8258.25595506467,
        7728.319009998813,
        7659.427228849381,
        7668.461292982101,
        7582.410682924092,
        7682.90031212382,
        7662.081694928929,
        7679.6479490585625,
        7612.30591009371,
        7991.715773008764,
        7655.803075060248,
        7692.3357208725065,
        7662.31548297219,
        7592.858332907781,
        7885.311082005501
      ],
      "mean_ms": 7713.3018325897865,
      "min_ms": 7534.6571451518685,
      "max_ms": 8258.25595506467
    }
  ]
}