{
  "benchmarks": [
    {
      "scenario": "wide_state_300",
      "iterations": 300,
      "node_count": 1800,
      "num_runs": 3,
      "times_ms": [
        856.3682420644909,
        899.3505069520324,
        865.7544408924878
      ],
      "mean_ms": 873.824396636337,
      "min_ms": 856.3682420644909,
      "max_ms": 899.3505069520324,
      "cpu_ms": 2612.473999999999,
      "peak_rss_mb": 66.27734375,
      "per_node_wall_us": 485.4579981312984
    },
    {
      "scenario": "wide_state_600",
      "iterations": 600,
      "node_count": 3600,
      "num_runs": 3,
      "times_ms": [
        1739.9079769384116,
        1722.580443136394,
        2184.620067011565
      ],
      "mean_ms": 1882.3694956954569,
      "min_ms": 1722.580443136394,
      "max_ms": 2184.620067011565,
      "cpu_ms": 5642.883,
      "peak_rss_mb": 68.05078125,
      "per_node_wall_us": 522.8804154709602
    },
    {
      "scenario": "wide_state_1200",
      "iterations": 1200,
      "node_count": 7200,
      "num_runs": 3,
      "times_ms": [
        3529.0717519819736,
        3544.9180831201375,
        3703.4429379273206
      ],
      "mean_ms": 3592.4775910098106,
      "min_ms": 3529.0717519819736,
      "max_ms": 3703.4429379273206,
      "cpu_ms": 10770.589000000004,
      "peak_rss_mb": 70.08203125,
      "per_node_wall_us": 498.9552209735848
    }
  ]
}